source_product,recommended_product,support,confidence,lift,association_score
Printer Pape A4 Paperline,Ink Cartridge Standard Canon,0.00874,0.23724212812160694,3.7550194384553173,1.0
Printer Pape A4 ITC,Ink Cartridge Standard Canon,0.00794,0.21611322808927597,3.420595569630832,0.8587832095298278
Printer Pape A4 ITC,Printer Inkjet HP,0.00774,0.21066956995100708,3.345023339965181,0.8239412607396215
Ink Cartridge Standard HP,Printer Laser HP,0.00954,0.2067620286085826,3.265351051935922,0.795230532294537
Printer Inkjet Canon,Ink Cartridge Standard Canon,0.00826,0.2059850374064838,3.2602886579057264,0.7910905904486054
Ink Cartridge Standard Canon,Printer Laser HP,0.0129,0.20417853751187084,3.224550497660626,0.7779767100744623
Printer Laser Canon,Ink Cartridge Standard Canon,0.00654,0.20386533665835416,3.2267384719587553,0.7769233912120124
Printer Laser HP,Ink Cartridge Standard Canon,0.0129,0.20372710044219836,3.2245504976606263,0.7759994777691737
Printer Inkjet HP,Ink Cartridge Standard Canon,0.0128,0.2032391235312798,3.216826899830323,0.7727380428114606
Ink Cartridge Standard Canon,Printer Inkjet HP,0.0128,0.2025957581513137,3.2168268998303224,0.7699201908918206
Printer Pape A4 ITC,Printer Laser HP,0.00736,0.20032661948829614,3.1637179325378417,0.7522517099497668
Ink Cartridge Standard HP,Printer Inkjet HP,0.00908,0.19679237104464672,3.124680391309094,0.7310903063192091
Printer Pape A4 Paperline,Printer Inkjet HP,0.0072,0.19543973941368079,3.103203229813922,0.7220399829245605
Printer Pape A4 Paperline,Printer Laser HP,0.00682,0.18512486427795874,2.9236396758995378,0.6507269235217834
Printer Pape A4 ITC,Ink Cartridge Standard HP,0.00602,0.1638541099618944,3.551237753833862,0.6489103163678775
Ink Cartridge Standard Canon,Printer Pape A4 Paperline,0.00874,0.13833491611269388,3.7550194384553173,0.566800008355687
Printer Laser HP,Ink Cartridge Standard HP,0.00954,0.15066329753632343,3.2653510519359217,0.5495258021928611
Printer Pape A4 Paperline,Ink Cartridge Standard HP,0.0055,0.1492942453854506,3.235679353824244,0.5392108512630006
Printer Inkjet Canon,Ink Cartridge Standard HP,0.00588,0.1466334164588529,3.17801075983643,0.5191631709806167
Ink Cartridge Standard HP,Printer Pape A4 ITC,0.00602,0.1304724750758561,3.551237753833862,0.5027033446012268
Printer Inkjet HP,Ink Cartridge Standard HP,0.00908,0.14417275325500162,3.1246803913090946,0.500623614115338
Ink Cartridge Standard Canon,Printer Pape A4 ITC,0.00794,0.12567268122823677,3.420595569630832,0.4626660473053112
Ink Cartridge Standard Canon,Printer Inkjet Canon,0.00826,0.13073757518201962,3.2602886579057264,0.4615170503112478
Printer Inkjet HP,Printer Pape A4 ITC,0.00774,0.12289615751032075,3.3450233399651808,0.4395057806204198
Ink Cartridge Standard HP,Printer Inkjet Canon,0.00588,0.12743823146944083,3.1780107598364298,0.4350908995240619
Ink Cartridge Standard HP,Printer Pape A4 Paperline,0.0055,0.11920242739488514,3.235679353824244,0.40741282524139544
Printer Laser HP,Printer Pape A4 ITC,0.00736,0.1162349968414403,3.1637179325378413,0.3839419629851884
Printer Inkjet HP,Printer Pape A4 Paperline,0.0072,0.11432200698634488,3.1032032298139223,0.3667554662953701
Ink Cartridge Standard Canon,Printer Laser Canon,0.00654,0.10351377018043685,3.226738471958755,0.3373973255515023
Printer Laser HP,Printer Pape A4 Paperline,0.00682,0.10770688566013897,2.923639675899538,0.31164681996637367
Laptop Entry-Level Dell,Mic Wireless Logitech,0.00728,0.15072463768115943,1.4540289183982193,0.286158049838393
Laptop Entry-Level Lenovo,Mic Wireless Logitech,0.00518,0.15040650406504066,1.450959908016985,0.284317976453332
Laptop Premium Lenovo,Mic Wireless Logitech,0.00636,0.14818266542404473,1.4295067087019557,0.27145537379634244
Keyboard Membrane Dell,Mic Wireless Logitech,0.0117,0.1418869755032743,1.3687726751232328,0.23504132989510945
Keyboard Mechanical Corsair,Mic Wireless Logitech,0.00512,0.14174972314507198,1.3674486122426392,0.23424746719538558
Tablet Pro iPad,Charger Standard HP,0.00572,0.12489082969432315,1.7654909484637145,0.21834255890635607
Laptop Entry-Level Dell,Mic Wired Dell,0.0062,0.12836438923395446,1.599356955319642,0.20937560914025344
Smartphone Premium Samsung,Charger Fast Belkin,0.00596,0.1277325332190313,1.6180964431090867,0.209335683350738
Tablet Pro Samsung,Charger Fast Belkin,0.00698,0.1258111031002163,1.5937560565013464,0.19737736076505685
Laptop Premium Lenovo,Mic Wired Dell,0.00542,0.12628145386766076,1.5734046083685618,0.19647529630023974
Smartphone Mid-Range Xiaomi,Charger Fast Belkin,0.00508,0.12481572481572482,1.581146754696286,0.19118246743837594
Keyboard Membrane Logitech,Mic Wireless Logitech,0.00662,0.13417105796513984,1.2943378156004228,0.1904127405732359
Laptop Premium Lenovo,Charger Fast Belkin,0.00532,0.1239515377446412,1.5701993633727034,0.18580406326473559
Tablet Pro iPad,Charger Fast Belkin,0.00558,0.12183406113537118,1.5433754894270482,0.17262561450756642
Tablet Pro Samsung,Charger Standard Dell,0.0062,0.11175198269646719,1.8082845096515727,0.16702478213130206
Keyboard Mechanical Logitech,Mic Wireless Logitech,0.0077,0.12833333333333333,1.23802173773233,0.1566475514198448
Laptop Bag Premium Samsonite,Mic Wireless Logitech,0.00622,0.12808896210873147,1.2356643074351867,0.15523411705239087
Smartphone Premium Samsung,Charger Standard HP,0.00514,0.11015859408486926,1.55723203399589,0.12350548228689168
Tablet Pro Samsung,Charger Standard HP,0.00606,0.10922855082912761,1.5440846880001076,0.11751843552478405
Charger Standard Dell,Tablet Pro Samsung,0.0062,0.10032362459546926,1.8082845096515727,0.11697014472615126
Mic Wireless Logitech,Keyboard Membrane Dell,0.0117,0.11286899479066177,1.3687726751232328,0.10794656352857006
Mic Wireless Corsair,Keyboard Membrane Dell,0.00668,0.11238223418573351,1.362869684522599,0.10495544367557902
Laptop Bag Standard Dell,Mic Wireless Logitech,0.00644,0.11570247933884298,1.1161728664754291,0.08359114653751053
Mic Wired Dell,Keyboard Membrane Dell,0.00838,0.10441066533765263,1.2661977363285548,0.055970547199633555
Keyboard Membrane Dell,Mic Wired Dell,0.00838,0.1016250303177298,1.2661977363285548,0.04376984875869554
Mic Wired Logitech,Keyboard Membrane Dell,0.00594,0.10237849017580145,1.241553361336423,0.04348293129599204
Keyboard Mechanical Logitech,Mic Wired Dell,0.00606,0.101,1.2584101669573886,0.03989882771613927
Laptop Bag Standard Dell,Mic Wired Dell,0.00558,0.10025152712899749,1.2490845642785633,0.03526328580521746
Laptop Bag Standard Dell,Keyboard Membrane Dell,0.00562,0.1009701760689903,1.224474606706164,0.03482891073335638
Monitor Standard LG,Mic Wireless Logitech,0.00612,0.1043656207366985,1.0068070686542399,0.018019164429782884
